filepath,label
ml/datasets/raw/extracted/Original Images/Leaf Blast/Leaf_blast  (214).jpg,rice_blast
ml/datasets/raw/extracted/Original Images/Leaf Blast/Leaf_blast  (279).jpg,rice_blast
ml/datasets/raw/extracted/Original Images/Leaf Blast/Leaf_blast  (29).jpg,rice_blast
ml/datasets/raw/extracted/Original Images/Leaf Blast/Leaf_blast  (182).jpg,rice_blast
ml/datasets/raw/extracted/Original Images/Leaf Blast/Leaf_blast  (184).jpg,rice_blast
ml/datasets/raw/extracted/Original Images/Leaf Blast/Leaf_blast  (185).jpg,rice_blast
ml/datasets/raw/extracted/Original Images/Leaf Blast/Leaf_blast  (186).jpg,rice_blast
ml/datasets/raw/extracted/Original Images/Leaf Blast/Leaf_blast  (187).jpg,rice_blast
ml/datasets/raw/extracted/Original Images/Leaf Blast/Leaf_blast  (188).jpg,rice_blast
ml/datasets/raw/extracted/Original Images/Leaf Blast/Leaf_blast  (294).jpg,rice_blast
ml/datasets/raw/extracted/Original Images/Leaf Blast/Leaf_blast  (295).jpg,rice_blast
ml/datasets/raw/extracted/Original Images/Leaf Blast/Leaf_blast  (77).jpg,rice_blast
ml/datasets/raw/extracted/Original Images/Leaf Blast/Leaf_blast  (6).jpg,rice_blast
ml/datasets/raw/extracted/Original Images/Leaf Blast/Leaf_blast  (258).jpg,rice_blast
ml/datasets/raw/extracted/Original Images/Leaf Blast/Leaf_blast  (11).jpg,rice_blast
ml/datasets/raw/extracted/Original Images/Leaf Blast/Leaf_blast  (67).jpg,rice_blast
ml/datasets/raw/extracted/Original Images/Leaf Blast/Leaf_blast  (219).jpg,rice_blast
ml/datasets/raw/extracted/Original Images/Leaf Blast/Leaf_blast  (220).jpg,rice_blast
ml/datasets/raw/extracted/Original Images/Leaf Blast/Leaf_blast  (135).jpg,rice_blast
ml/datasets/raw/extracted/Original Images/Leaf Blast/Leaf_blast  (53).jpg,rice_blast
ml/datasets/raw/extracted/Original Images/Leaf Blast/Leaf_blast  (89).jpg,rice_blast
ml/datasets/raw/extracted/Original Images/Leaf Blast/Leaf_blast  (90).jpg,rice_blast
ml/datasets/raw/extracted/Original Images/Leaf Blast/Leaf_blast  (118).jpg,rice_blast
ml/datasets/raw/extracted/Original Images/Leaf Blast/Leaf_blast  (56).jpg,rice_blast
ml/datasets/raw/extracted/Original Images/Leaf Blast/Leaf_blast  (57).jpg,rice_blast
ml/datasets/raw/extracted/Original Images/Leaf Blast/Leaf_blast  (60).jpg,rice_blast
ml/datasets/raw/extracted/Original Images/Leaf Blast/Leaf_blast  (5).jpg,rice_blast
ml/datasets/raw/extracted/Original Images/Leaf Blast/Leaf_blast  (1).jpg,rice_blast
ml/datasets/raw/extracted/Original Images/Leaf Blast/Leaf_blast  (117).jpg,rice_blast
ml/datasets/raw/extracted/Original Images/Leaf Blast/Leaf_blast  (202).jpg,rice_blast
ml/datasets/raw/extracted/Original Images/Leaf Blast/Leaf_blast  (52).jpg,rice_blast
ml/datasets/raw/extracted/Original Images/Leaf Blast/Leaf_blast  (161).jpg,rice_blast
ml/datasets/raw/extracted/Original Images/Leaf Blast/Leaf_blast  (163).jpg,rice_blast
ml/datasets/raw/extracted/Original Images/Leaf Blast/Leaf_blast  (165).jpg,rice_blast
ml/datasets/raw/extracted/Original Images/Leaf Blast/Leaf_blast  (189).jpg,rice_blast
ml/datasets/raw/extracted/Original Images/Leaf Blast/Leaf_blast  (285).jpg,rice_blast
ml/datasets/raw/extracted/Original Images/Leaf Blast/Leaf_blast  (231).jpg,rice_blast
ml/datasets/raw/extracted/Original Images/Leaf Blast/Leaf_blast  (233).jpg,rice_blast
ml/datasets/raw/extracted/Original Images/Leaf Blast/Leaf_blast  (234).jpg,rice_blast
ml/datasets/raw/extracted/Original Images/Leaf Blast/Leaf_blast  (235).jpg,rice_blast
ml/datasets/raw/extracted/Original Images/Leaf Blast/Leaf_blast  (236).jpg,rice_blast
ml/datasets/raw/extracted/Original Images/Leaf Blast/Leaf_blast  (237).jpg,rice_blast
ml/datasets/raw/extracted/Original Images/Leaf Blast/Leaf_blast  (30).jpg,rice_blast
ml/datasets/raw/extracted/Original Images/Leaf Blast/Leaf_blast  (303).jpg,rice_blast
ml/datasets/raw/extracted/Original Images/Leaf Blast/Leaf_blast  (62).jpg,rice_blast
ml/datasets/raw/extracted/Original Images/Leaf Blast/Leaf_blast  (266).jpg,rice_blast
ml/datasets/raw/extracted/Original Images/Leaf Blast/Leaf_blast  (100).jpg,rice_blast
ml/datasets/raw/extracted/Original Images/Leaf Blast/Leaf_blast  (99).jpg,rice_blast
ml/datasets/raw/extracted/Original Images/Leaf Blast/Leaf_blast  (119).jpg,rice_blast
ml/datasets/raw/extracted/Original Images/Leaf Blast/Leaf_blast  (241).jpg,rice_blast
ml/datasets/raw/extracted/Original Images/Leaf Blast/Leaf_blast  (300).jpg,rice_blast
ml/datasets/raw/extracted/Original Images/Leaf Blast/Leaf_blast  (22).jpg,rice_blast
ml/datasets/raw/extracted/Original Images/Leaf Blast/Leaf_blast  (230).jpg,rice_blast
ml/datasets/raw/extracted/Original Images/Leaf Blast/Leaf_blast  (95).jpg,rice_blast
ml/datasets/raw/extracted/Original Images/Leaf Blast/Leaf_blast  (94).jpg,rice_blast
ml/datasets/raw/extracted/Original Images/Leaf Blast/Leaf_blast  (76).jpg,rice_blast
ml/datasets/raw/extracted/Original Images/Leaf Blast/Leaf_blast  (305).jpg,rice_blast
ml/datasets/raw/extracted/Original Images/Leaf Blast/Leaf_blast  (101).jpg,rice_blast
ml/datasets/raw/extracted/Original Images/Leaf Blast/Leaf_blast  (274).jpg,rice_blast
ml/datasets/raw/extracted/Original Images/Leaf Blast/Leaf_blast  (275).jpg,rice_blast
ml/datasets/raw/extracted/Original Images/Leaf Blast/Leaf_blast  (276).jpg,rice_blast
ml/datasets/raw/extracted/Original Images/Leaf Blast/Leaf_blast  (204).jpg,rice_blast
ml/datasets/raw/extracted/Original Images/Leaf Blast/Leaf_blast  (138).jpg,rice_blast
ml/datasets/raw/extracted/Original Images/Leaf Blast/Leaf_blast  (139).jpg,rice_blast
ml/datasets/raw/extracted/Original Images/Leaf Blast/Leaf_blast  (140).jpg,rice_blast
ml/datasets/raw/extracted/Original Images/Leaf Blast/Leaf_blast  (239).jpg,rice_blast
ml/datasets/raw/extracted/Original Images/Leaf Blast/Leaf_blast  (240).jpg,rice_blast
ml/datasets/raw/extracted/Original Images/Leaf Blast/Leaf_blast  (112).jpg,rice_blast
ml/datasets/raw/extracted/Original Images/Leaf Blast/Leaf_blast  (58).jpg,rice_blast
ml/datasets/raw/extracted/Original Images/Leaf Blast/Leaf_blast  (203).jpg,rice_blast
ml/datasets/raw/extracted/Original Images/Leaf Blast/Leaf_blast  (191).jpg,rice_blast
ml/datasets/raw/extracted/Original Images/Leaf Blast/Leaf_blast  (216).jpg,rice_blast
ml/datasets/raw/extracted/Original Images/Leaf Blast/Leaf_blast  (27).jpg,rice_blast
ml/datasets/raw/extracted/Original Images/Leaf Blast/Leaf_blast  (28).jpg,rice_blast
ml/datasets/raw/extracted/Original Images/Leaf Blast/Leaf_blast  (198).jpg,rice_blast
ml/datasets/raw/extracted/Original Images/Leaf Blast/Leaf_blast  (199).jpg,rice_blast
ml/datasets/raw/extracted/Original Images/Leaf Blast/Leaf_blast  (218).jpg,rice_blast
ml/datasets/raw/extracted/Original Images/Leaf Blast/Leaf_blast  (46).jpg,rice_blast
ml/datasets/raw/extracted/Original Images/Leaf Blast/Leaf_blast  (35).jpg,rice_blast
ml/datasets/raw/extracted/Original Images/Leaf Blast/Leaf_blast  (217).jpg,rice_blast
ml/datasets/raw/extracted/Original Images/Leaf Blast/Leaf_blast  (116).jpg,rice_blast
ml/datasets/raw/extracted/Original Images/Leaf Blast/Leaf_blast  (253).jpg,rice_blast
ml/datasets/raw/extracted/Original Images/Leaf Blast/Leaf_blast  (223).jpg,rice_blast
ml/datasets/raw/extracted/Original Images/Leaf Blast/Leaf_blast  (224).jpg,rice_blast
ml/datasets/raw/extracted/Original Images/Leaf Blast/Leaf_blast  (61).jpg,rice_blast
ml/datasets/raw/extracted/Original Images/Leaf Blast/Leaf_blast  (128).jpg,rice_blast
ml/datasets/raw/extracted/Original Images/Leaf Blast/Leaf_blast  (129).jpg,rice_blast
ml/datasets/raw/extracted/Original Images/Leaf Blast/Leaf_blast  (130).jpg,rice_blast
ml/datasets/raw/extracted/Original Images/Leaf Blast/Leaf_blast  (243).jpg,rice_blast
ml/datasets/raw/extracted/Original Images/Leaf Blast/Leaf_blast  (301).jpg,rice_blast
ml/datasets/raw/extracted/Original Images/Leaf Blast/Leaf_blast  (111).jpg,rice_blast
ml/datasets/raw/extracted/Original Images/Leaf Blast/Leaf_blast  (261).jpg,rice_blast
ml/datasets/raw/extracted/Original Images/Leaf Blast/Leaf_blast  (64).jpg,rice_blast
ml/datasets/raw/extracted/Original Images/Leaf Blast/Leaf_blast  (70).jpg,rice_blast
ml/datasets/raw/extracted/Original Images/Leaf Blast/Leaf_blast  (154).jpg,rice_blast
ml/datasets/raw/extracted/Original Images/Leaf Blast/Leaf_blast  (156).jpg,rice_blast
ml/datasets/raw/extracted/Original Images/Leaf Blast/Leaf_blast  (17).jpg,rice_blast
ml/datasets/raw/extracted/Original Images/Leaf Blast/Leaf_blast  (173).jpg,rice_blast
ml/datasets/raw/extracted/Original Images/Leaf Blast/Leaf_blast  (175).jpg,rice_blast
ml/datasets/raw/extracted/Original Images/Leaf Blast/Leaf_blast  (213).jpg,rice_blast
ml/datasets/raw/extracted/Original Images/Leaf Blast/Leaf_blast  (262).jpg,rice_blast
ml/datasets/raw/extracted/Original Images/Leaf Blast/Leaf_blast  (131).jpg,rice_blast
ml/datasets/raw/extracted/Original Images/Leaf Blast/Leaf_blast  (132).jpg,rice_blast
ml/datasets/raw/extracted/Original Images/Leaf Blast/Leaf_blast  (49).jpg,rice_blast
ml/datasets/raw/extracted/Original Images/Leaf Blast/Leaf_blast  (50).jpg,rice_blast
ml/datasets/raw/extracted/Original Images/Leaf Blast/Leaf_blast  (238).jpg,rice_blast
ml/datasets/raw/extracted/Original Images/Leaf Blast/Leaf_blast  (200).jpg,rice_blast
ml/datasets/raw/extracted/Original Images/Leaf Blast/Leaf_blast  (201).jpg,rice_blast
ml/datasets/raw/extracted/Original Images/Leaf Blast/Leaf_blast  (66).jpg,rice_blast
ml/datasets/raw/extracted/Original Images/Leaf Blast/Leaf_blast  (102).jpg,rice_blast
ml/datasets/raw/extracted/Original Images/Leaf Blast/Leaf_blast  (267).jpg,rice_blast
ml/datasets/raw/extracted/Original Images/Leaf Blast/Leaf_blast  (85).jpg,rice_blast
ml/datasets/raw/extracted/Original Images/Leaf Blast/Leaf_blast  (181).jpg,rice_blast
ml/datasets/raw/extracted/Original Images/Leaf Blast/Leaf_blast  (98).jpg,rice_blast
ml/datasets/raw/extracted/Original Images/Leaf Blast/Leaf_blast  (63).jpg,rice_blast
ml/datasets/raw/extracted/Original Images/Leaf Blast/Leaf_blast  (273).jpg,rice_blast
ml/datasets/raw/extracted/Original Images/Leaf Blast/Leaf_blast  (265).jpg,rice_blast
ml/datasets/raw/extracted/Original Images/Leaf Blast/Leaf_blast  (8).jpg,rice_blast
ml/datasets/raw/extracted/Original Images/Leaf Blast/Leaf_blast  (259).jpg,rice_blast
ml/datasets/raw/extracted/Original Images/Leaf Blast/Leaf_blast  (136).jpg,rice_blast
ml/datasets/raw/extracted/Original Images/Leaf Blast/Leaf_blast  (36).jpg,rice_blast
ml/datasets/raw/extracted/Original Images/Leaf Blast/Leaf_blast  (120).jpg,rice_blast
ml/datasets/raw/extracted/Original Images/Leaf Blast/Leaf_blast  (51).jpg,rice_blast
ml/datasets/raw/extracted/Original Images/Leaf Blast/Leaf_blast  (108).jpg,rice_blast
ml/datasets/raw/extracted/Original Images/Leaf Blast/Leaf_blast  (252).jpg,rice_blast
ml/datasets/raw/extracted/Original Images/Leaf Blast/Leaf_blast  (41).jpg,rice_blast
ml/datasets/raw/extracted/Original Images/Leaf Blast/Leaf_blast  (42).jpg,rice_blast
ml/datasets/raw/extracted/Original Images/Leaf Blast/Leaf_blast  (43).jpg,rice_blast
ml/datasets/raw/extracted/Original Images/Leaf Blast/Leaf_blast  (44).jpg,rice_blast
ml/datasets/raw/extracted/Original Images/Leaf Blast/Leaf_blast  (45).jpg,rice_blast
ml/datasets/raw/extracted/Original Images/Leaf Blast/Leaf_blast  (141).jpg,rice_blast
ml/datasets/raw/extracted/Original Images/Leaf Blast/Leaf_blast  (149).jpg,rice_blast
ml/datasets/raw/extracted/Original Images/Leaf Blast/Leaf_blast  (15).jpg,rice_blast
ml/datasets/raw/extracted/Original Images/Leaf Blast/Leaf_blast  (177).jpg,rice_blast
ml/datasets/raw/extracted/Original Images/Leaf Blast/Leaf_blast  (179).jpg,rice_blast
ml/datasets/raw/extracted/Original Images/Leaf Blast/Leaf_blast  (20).jpg,rice_blast
ml/datasets/raw/extracted/Original Images/Leaf Blast/Leaf_blast  (282).jpg,rice_blast
ml/datasets/raw/extracted/Original Images/Leaf Blast/Leaf_blast  (289).jpg,rice_blast
ml/datasets/raw/extracted/Original Images/Leaf Blast/Leaf_blast  (255).jpg,rice_blast
ml/datasets/raw/extracted/Original Images/Leaf Blast/Leaf_blast  (78).jpg,rice_blast
ml/datasets/raw/extracted/Original Images/Leaf Blast/Leaf_blast  (79).jpg,rice_blast
ml/datasets/raw/extracted/Original Images/Leaf Blast/Leaf_blast  (54).jpg,rice_blast
ml/datasets/raw/extracted/Original Images/Leaf Blast/Leaf_blast  (196).jpg,rice_blast
ml/datasets/raw/extracted/Original Images/Leaf Blast/Leaf_blast  (12).jpg,rice_blast
ml/datasets/raw/extracted/Original Images/Leaf Blast/Leaf_blast  (71).jpg,rice_blast
ml/datasets/raw/extracted/Original Images/Leaf Blast/Leaf_blast  (25).jpg,rice_blast
ml/datasets/raw/extracted/Original Images/Leaf Blast/Leaf_blast  (37).jpg,rice_blast
ml/datasets/raw/extracted/Original Images/Leaf Blast/Leaf_blast  (38).jpg,rice_blast
ml/datasets/raw/extracted/Original Images/Leaf Blast/Leaf_blast  (39).jpg,rice_blast
ml/datasets/raw/extracted/Original Images/Leaf Blast/Leaf_blast  (40).jpg,rice_blast
ml/datasets/raw/extracted/Original Images/Leaf Blast/Leaf_blast  (92).jpg,rice_blast
ml/datasets/raw/extracted/Original Images/Leaf Blast/Leaf_blast  (72).jpg,rice_blast
ml/datasets/raw/extracted/Original Images/Leaf Blast/Leaf_blast  (55).jpg,rice_blast
ml/datasets/raw/extracted/Original Images/Leaf Blast/Leaf_blast  (270).jpg,rice_blast
ml/datasets/raw/extracted/Original Images/Leaf Blast/Leaf_blast  (271).jpg,rice_blast
ml/datasets/raw/extracted/Original Images/Leaf Blast/Leaf_blast  (272).jpg,rice_blast
ml/datasets/raw/extracted/Original Images/Leaf Blast/Leaf_blast  (31).jpg,rice_blast
ml/datasets/raw/extracted/Original Images/Leaf Blast/Leaf_blast  (32).jpg,rice_blast
ml/datasets/raw/extracted/Original Images/Leaf Blast/Leaf_blast  (304).jpg,rice_blast
ml/datasets/raw/extracted/Original Images/Leaf Blast/Leaf_blast  (269).jpg,rice_blast
ml/datasets/raw/extracted/Original Images/Leaf Blast/Leaf_blast  (134).jpg,rice_blast
ml/datasets/raw/extracted/Original Images/Leaf Blast/Leaf_blast  (190).jpg,rice_blast
ml/datasets/raw/extracted/Original Images/Leaf Blast/Leaf_blast  (254).jpg,rice_blast
ml/datasets/raw/extracted/Original Images/Leaf Blast/Leaf_blast  (47).jpg,rice_blast
ml/datasets/raw/extracted/Original Images/Leaf Blast/Leaf_blast  (48).jpg,rice_blast
ml/datasets/raw/extracted/Original Images/Leaf Blast/Leaf_blast  (88).jpg,rice_blast
ml/datasets/raw/extracted/Original Images/Leaf Blast/Leaf_blast  (260).jpg,rice_blast
ml/datasets/raw/extracted/Original Images/Leaf Blast/Leaf_blast  (123).jpg,rice_blast
ml/datasets/raw/extracted/Original Images/Leaf Blast/Leaf_blast  (124).jpg,rice_blast
ml/datasets/raw/extracted/Original Images/Leaf Blast/Leaf_blast  (127).jpg,rice_blast
ml/datasets/raw/extracted/Original Images/Leaf Blast/Leaf_blast  (232).jpg,rice_blast
ml/datasets/raw/extracted/Original Images/Leaf Blast/Leaf_blast  (195).jpg,rice_blast
ml/datasets/raw/extracted/Original Images/Leaf Blast/Leaf_blast  (244).jpg,rice_blast
ml/datasets/raw/extracted/Original Images/Leaf Blast/Leaf_blast  (245).jpg,rice_blast
ml/datasets/raw/extracted/Original Images/Leaf Blast/Leaf_blast  (246).jpg,rice_blast
ml/datasets/raw/extracted/Original Images/Leaf Blast/Leaf_blast  (247).jpg,rice_blast
ml/datasets/raw/extracted/Original Images/Leaf Blast/Leaf_blast  (248).jpg,rice_blast
ml/datasets/raw/extracted/Original Images/Leaf Blast/Leaf_blast  (249).jpg,rice_blast
ml/datasets/raw/extracted/Original Images/Leaf Blast/Leaf_blast  (250).jpg,rice_blast
ml/datasets/raw/extracted/Original Images/Leaf Blast/Leaf_blast  (251).jpg,rice_blast
ml/datasets/raw/extracted/Original Images/Leaf Blast/Leaf_blast  (296).jpg,rice_blast
ml/datasets/raw/extracted/Original Images/Leaf Blast/Leaf_blast  (158).jpg,rice_blast
ml/datasets/raw/extracted/Original Images/Leaf Blast/Leaf_blast  (287).jpg,rice_blast
ml/datasets/raw/extracted/Original Images/Leaf Blast/Leaf_blast  (96).jpg,rice_blast
ml/datasets/raw/extracted/Original Images/Leaf Blast/Leaf_blast  (109).jpg,rice_blast
ml/datasets/raw/extracted/Original Images/Leaf Blast/Leaf_blast  (151).jpg,rice_blast
ml/datasets/raw/extracted/Original Images/Leaf Blast/Leaf_blast  (152).jpg,rice_blast
ml/datasets/raw/extracted/Original Images/Leaf Blast/Leaf_blast  (160).jpg,rice_blast
ml/datasets/raw/extracted/Original Images/Leaf Blast/Leaf_blast  (197).jpg,rice_blast
ml/datasets/raw/extracted/Original Images/Leaf Blast/Leaf_blast  (113).jpg,rice_blast
ml/datasets/raw/extracted/Original Images/Leaf Blast/Leaf_blast  (114).jpg,rice_blast
ml/datasets/raw/extracted/Original Images/Leaf Blast/Leaf_blast  (115).jpg,rice_blast
ml/datasets/raw/extracted/Original Images/Bacterial Leaf Blight/Bacterial_leaf_Blight  (109).jpg,bacterial_leaf_blight
ml/datasets/raw/extracted/Original Images/Bacterial Leaf Blight/Bacterial_leaf_Blight  (111).jpg,bacterial_leaf_blight
ml/datasets/raw/extracted/Original Images/Bacterial Leaf Blight/Bacterial_leaf_Blight  (112).jpg,bacterial_leaf_blight
ml/datasets/raw/extracted/Original Images/Bacterial Leaf Blight/Bacterial_leaf_Blight  (114).jpg,bacterial_leaf_blight
ml/datasets/raw/extracted/Original Images/Bacterial Leaf Blight/Bacterial_leaf_Blight  (83).jpg,bacterial_leaf_blight
ml/datasets/raw/extracted/Original Images/Bacterial Leaf Blight/Bacterial_leaf_Blight  (139).jpg,bacterial_leaf_blight
ml/datasets/raw/extracted/Original Images/Bacterial Leaf Blight/Bacterial_leaf_Blight  (120).jpg,bacterial_leaf_blight
ml/datasets/raw/extracted/Original Images/Bacterial Leaf Blight/Bacterial_leaf_Blight  (56).jpg,bacterial_leaf_blight
ml/datasets/raw/extracted/Original Images/Bacterial Leaf Blight/Bacterial_leaf_Blight  (125).jpg,bacterial_leaf_blight
ml/datasets/raw/extracted/Original Images/Bacterial Leaf Blight/Bacterial_leaf_Blight  (65).jpg,bacterial_leaf_blight
ml/datasets/raw/extracted/Original Images/Bacterial Leaf Blight/Bacterial_leaf_Blight  (143).jpg,bacterial_leaf_blight
ml/datasets/raw/extracted/Original Images/Bacterial Leaf Blight/Bacterial_leaf_Blight  (168).jpg,bacterial_leaf_blight
ml/datasets/raw/extracted/Original Images/Bacterial Leaf Blight/Bacterial_leaf_Blight  (147).jpg,bacterial_leaf_blight
ml/datasets/raw/extracted/Original Images/Bacterial Leaf Blight/Bacterial_leaf_Blight  (152).jpg,bacterial_leaf_blight
ml/datasets/raw/extracted/Original Images/Bacterial Leaf Blight/Bacterial_leaf_Blight  (29).jpg,bacterial_leaf_blight
ml/datasets/raw/extracted/Original Images/Bacterial Leaf Blight/Bacterial_leaf_Blight  (63).jpg,bacterial_leaf_blight
ml/datasets/raw/extracted/Original Images/Bacterial Leaf Blight/Bacterial_leaf_Blight  (12).jpg,bacterial_leaf_blight
ml/datasets/raw/extracted/Original Images/Bacterial Leaf Blight/Bacterial_leaf_Blight  (162).jpg,bacterial_leaf_blight
ml/datasets/raw/extracted/Original Images/Bacterial Leaf Blight/Bacterial_leaf_Blight  (121).jpg,bacterial_leaf_blight
ml/datasets/raw/extracted/Original Images/Bacterial Leaf Blight/Bacterial_leaf_Blight  (37).jpg,bacterial_leaf_blight
ml/datasets/raw/extracted/Original Images/Bacterial Leaf Blight/Bacterial_leaf_Blight  (19).jpg,bacterial_leaf_blight
ml/datasets/raw/extracted/Original Images/Bacterial Leaf Blight/Bacterial_leaf_Blight  (10).jpg,bacterial_leaf_blight
ml/datasets/raw/extracted/Original Images/Bacterial Leaf Blight/Bacterial_leaf_Blight  (110).jpg,bacterial_leaf_blight
ml/datasets/raw/extracted/Original Images/Bacterial Leaf Blight/Bacterial_leaf_Blight  (174).jpg,bacterial_leaf_blight
ml/datasets/raw/extracted/Original Images/Bacterial Leaf Blight/Bacterial_leaf_Blight  (34).jpg,bacterial_leaf_blight
ml/datasets/raw/extracted/Original Images/Bacterial Leaf Blight/Bacterial_leaf_Blight  (155).jpg,bacterial_leaf_blight
ml/datasets/raw/extracted/Original Images/Bacterial Leaf Blight/Bacterial_leaf_Blight  (156).jpg,bacterial_leaf_blight
ml/datasets/raw/extracted/Original Images/Bacterial Leaf Blight/Bacterial_leaf_Blight  (42).jpg,bacterial_leaf_blight
ml/datasets/raw/extracted/Original Images/Bacterial Leaf Blight/Bacterial_leaf_Blight  (124).jpg,bacterial_leaf_blight
ml/datasets/raw/extracted/Original Images/Bacterial Leaf Blight/Bacterial_leaf_Blight  (21).jpg,bacterial_leaf_blight
ml/datasets/raw/extracted/Original Images/Bacterial Leaf Blight/Bacterial_leaf_Blight  (22).jpg,bacterial_leaf_blight
ml/datasets/raw/extracted/Original Images/Bacterial Leaf Blight/Bacterial_leaf_Blight  (74).jpg,bacterial_leaf_blight
ml/datasets/raw/extracted/Original Images/Bacterial Leaf Blight/Bacterial_leaf_Blight  (179).jpg,bacterial_leaf_blight
ml/datasets/raw/extracted/Original Images/Bacterial Leaf Blight/Bacterial_leaf_Blight  (159).jpg,bacterial_leaf_blight
ml/datasets/raw/extracted/Original Images/Bacterial Leaf Blight/Bacterial_leaf_Blight  (180).jpg,bacterial_leaf_blight
ml/datasets/raw/extracted/Original Images/Bacterial Leaf Blight/Bacterial_leaf_Blight  (32).jpg,bacterial_leaf_blight
ml/datasets/raw/extracted/Original Images/Bacterial Leaf Blight/Bacterial_leaf_Blight  (103).jpg,bacterial_leaf_blight
ml/datasets/raw/extracted/Original Images/Bacterial Leaf Blight/Bacterial_leaf_Blight  (33).jpg,bacterial_leaf_blight
ml/datasets/raw/extracted/Original Images/Bacterial Leaf Blight/Bacterial_leaf_Blight  (170).jpg,bacterial_leaf_blight
ml/datasets/raw/extracted/Original Images/Bacterial Leaf Blight/Bacterial_leaf_Blight  (20).jpg,bacterial_leaf_blight
ml/datasets/raw/extracted/Original Images/Bacterial Leaf Blight/Bacterial_leaf_Blight  (80).jpg,bacterial_leaf_blight
ml/datasets/raw/extracted/Original Images/Bacterial Leaf Blight/Bacterial_leaf_Blight  (58).jpg,bacterial_leaf_blight
ml/datasets/raw/extracted/Original Images/Bacterial Leaf Blight/Bacterial_leaf_Blight  (90).jpg,bacterial_leaf_blight
ml/datasets/raw/extracted/Original Images/Bacterial Leaf Blight/Bacterial_leaf_Blight  (54).jpg,bacterial_leaf_blight
ml/datasets/raw/extracted/Original Images/Bacterial Leaf Blight/Bacterial_leaf_Blight  (55).jpg,bacterial_leaf_blight
ml/datasets/raw/extracted/Original Images/Bacterial Leaf Blight/Bacterial_leaf_Blight  (9).jpg,bacterial_leaf_blight
ml/datasets/raw/extracted/Original Images/Bacterial Leaf Blight/Bacterial_leaf_Blight  (140).jpg,bacterial_leaf_blight
ml/datasets/raw/extracted/Original Images/Bacterial Leaf Blight/Bacterial_leaf_Blight  (51).jpg,bacterial_leaf_blight
ml/datasets/raw/extracted/Original Images/Bacterial Leaf Blight/Bacterial_leaf_Blight  (44).jpg,bacterial_leaf_blight
ml/datasets/raw/extracted/Original Images/Bacterial Leaf Blight/Bacterial_leaf_Blight  (141).jpg,bacterial_leaf_blight
ml/datasets/raw/extracted/Original Images/Bacterial Leaf Blight/Bacterial_leaf_Blight  (97).jpg,bacterial_leaf_blight
ml/datasets/raw/extracted/Original Images/Bacterial Leaf Blight/Bacterial_leaf_Blight  (101).jpg,bacterial_leaf_blight
ml/datasets/raw/extracted/Original Images/Bacterial Leaf Blight/Bacterial_leaf_Blight  (13).jpg,bacterial_leaf_blight
ml/datasets/raw/extracted/Original Images/Bacterial Leaf Blight/Bacterial_leaf_Blight  (39).jpg,bacterial_leaf_blight
ml/datasets/raw/extracted/Original Images/Bacterial Leaf Blight/Bacterial_leaf_Blight  (49).jpg,bacterial_leaf_blight
ml/datasets/raw/extracted/Original Images/Bacterial Leaf Blight/Bacterial_leaf_Blight  (151).jpg,bacterial_leaf_blight
ml/datasets/raw/extracted/Original Images/Bacterial Leaf Blight/Bacterial_leaf_Blight  (23).jpg,bacterial_leaf_blight
ml/datasets/raw/extracted/Original Images/Bacterial Leaf Blight/Bacterial_leaf_Blight  (123).jpg,bacterial_leaf_blight
ml/datasets/raw/extracted/Original Images/Bacterial Leaf Blight/Bacterial_leaf_Blight  (46).jpg,bacterial_leaf_blight
ml/datasets/raw/extracted/Original Images/Bacterial Leaf Blight/Bacterial_leaf_Blight  (163).jpg,bacterial_leaf_blight
ml/datasets/raw/extracted/Original Images/Bacterial Leaf Blight/Bacterial_leaf_Blight  (47).jpg,bacterial_leaf_blight
ml/datasets/raw/extracted/Original Images/Bacterial Leaf Blight/Bacterial_leaf_Blight  (104).jpg,bacterial_leaf_blight
ml/datasets/raw/extracted/Original Images/Bacterial Leaf Blight/Bacterial_leaf_Blight  (11).jpg,bacterial_leaf_blight
ml/datasets/raw/extracted/Original Images/Bacterial Leaf Blight/Bacterial_leaf_Blight  (127).jpg,bacterial_leaf_blight
ml/datasets/raw/extracted/Original Images/Bacterial Leaf Blight/Bacterial_leaf_Blight  (41).jpg,bacterial_leaf_blight
ml/datasets/raw/extracted/Original Images/Bacterial Leaf Blight/Bacterial_leaf_Blight  (165).jpg,bacterial_leaf_blight
ml/datasets/raw/extracted/Original Images/Bacterial Leaf Blight/Bacterial_leaf_Blight  (7).jpg,bacterial_leaf_blight
ml/datasets/raw/extracted/Original Images/Bacterial Leaf Blight/Bacterial_leaf_Blight  (157).jpg,bacterial_leaf_blight
ml/datasets/raw/extracted/Original Images/Bacterial Leaf Blight/Bacterial_leaf_Blight  (14).jpg,bacterial_leaf_blight
ml/datasets/raw/extracted/Original Images/Bacterial Leaf Blight/Bacterial_leaf_Blight  (78).jpg,bacterial_leaf_blight
ml/datasets/raw/extracted/Original Images/Bacterial Leaf Blight/Bacterial_leaf_Blight  (36).jpg,bacterial_leaf_blight
ml/datasets/raw/extracted/Original Images/Bacterial Leaf Blight/Bacterial_leaf_Blight  (136).jpg,bacterial_leaf_blight
ml/datasets/raw/extracted/Original Images/Bacterial Leaf Blight/Bacterial_leaf_Blight  (137).jpg,bacterial_leaf_blight
ml/datasets/raw/extracted/Original Images/Bacterial Leaf Blight/Bacterial_leaf_Blight  (138).jpg,bacterial_leaf_blight
ml/datasets/raw/extracted/Original Images/Bacterial Leaf Blight/Bacterial_leaf_Blight  (113).jpg,bacterial_leaf_blight
ml/datasets/raw/extracted/Original Images/Bacterial Leaf Blight/Bacterial_leaf_Blight  (15).jpg,bacterial_leaf_blight
ml/datasets/raw/extracted/Original Images/Bacterial Leaf Blight/Bacterial_leaf_Blight  (3).jpg,bacterial_leaf_blight
ml/datasets/raw/extracted/Original Images/Bacterial Leaf Blight/Bacterial_leaf_Blight  (169).jpg,bacterial_leaf_blight
ml/datasets/raw/extracted/Original Images/Bacterial Leaf Blight/Bacterial_leaf_Blight  (119).jpg,bacterial_leaf_blight
ml/datasets/raw/extracted/Original Images/Bacterial Leaf Blight/Bacterial_leaf_Blight  (30).jpg,bacterial_leaf_blight
ml/datasets/raw/extracted/Original Images/Bacterial Leaf Blight/Bacterial_leaf_Blight  (31).jpg,bacterial_leaf_blight
ml/datasets/raw/extracted/Original Images/Bacterial Leaf Blight/Bacterial_leaf_Blight  (134).jpg,bacterial_leaf_blight
ml/datasets/raw/extracted/Original Images/Bacterial Leaf Blight/Bacterial_leaf_Blight  (45).jpg,bacterial_leaf_blight
ml/datasets/raw/extracted/Original Images/Bacterial Leaf Blight/Bacterial_leaf_Blight  (145).jpg,bacterial_leaf_blight
ml/datasets/raw/extracted/Original Images/Bacterial Leaf Blight/Bacterial_leaf_Blight  (102).jpg,bacterial_leaf_blight
ml/datasets/raw/extracted/Original Images/Bacterial Leaf Blight/Bacterial_leaf_Blight  (84).jpg,bacterial_leaf_blight
ml/datasets/raw/extracted/Original Images/Bacterial Leaf Blight/Bacterial_leaf_Blight  (67).jpg,bacterial_leaf_blight
ml/datasets/raw/extracted/Original Images/Bacterial Leaf Blight/Bacterial_leaf_Blight  (70).jpg,bacterial_leaf_blight
ml/datasets/raw/extracted/Original Images/Bacterial Leaf Blight/Bacterial_leaf_Blight  (107).jpg,bacterial_leaf_blight
ml/datasets/raw/extracted/Original Images/Bacterial Leaf Blight/Bacterial_leaf_Blight  (85).jpg,bacterial_leaf_blight
ml/datasets/raw/extracted/Original Images/Bacterial Leaf Blight/Bacterial_leaf_Blight  (86).jpg,bacterial_leaf_blight
ml/datasets/raw/extracted/Original Images/Bacterial Leaf Blight/Bacterial_leaf_Blight  (64).jpg,bacterial_leaf_blight
ml/datasets/raw/extracted/Original Images/Bacterial Leaf Blight/Bacterial_leaf_Blight  (130).jpg,bacterial_leaf_blight
ml/datasets/raw/extracted/Original Images/Bacterial Leaf Blight/Bacterial_leaf_Blight  (79).jpg,bacterial_leaf_blight
ml/datasets/raw/extracted/Original Images/Bacterial Leaf Blight/Bacterial_leaf_Blight  (81).jpg,bacterial_leaf_blight
ml/datasets/raw/extracted/Original Images/Bacterial Leaf Blight/Bacterial_leaf_Blight  (146).jpg,bacterial_leaf_blight
ml/datasets/raw/extracted/Original Images/Bacterial Leaf Blight/Bacterial_leaf_Blight  (60).jpg,bacterial_leaf_blight
ml/datasets/raw/extracted/Original Images/Bacterial Leaf Blight/Bacterial_leaf_Blight  (129).jpg,bacterial_leaf_blight
ml/datasets/raw/extracted/Original Images/Bacterial Leaf Blight/Bacterial_leaf_Blight  (132).jpg,bacterial_leaf_blight
ml/datasets/raw/extracted/Original Images/Bacterial Leaf Blight/Bacterial_leaf_Blight  (133).jpg,bacterial_leaf_blight
ml/datasets/raw/extracted/Original Images/Bacterial Leaf Blight/Bacterial_leaf_Blight  (117).jpg,bacterial_leaf_blight
ml/datasets/raw/extracted/Original Images/Bacterial Leaf Blight/Bacterial_leaf_Blight  (8).jpg,bacterial_leaf_blight
ml/datasets/raw/extracted/Original Images/Bacterial Leaf Blight/Bacterial_leaf_Blight  (160).jpg,bacterial_leaf_blight
ml/datasets/raw/extracted/Original Images/Bacterial Leaf Blight/Bacterial_leaf_Blight  (161).jpg,bacterial_leaf_blight
ml/datasets/raw/extracted/Original Images/Bacterial Leaf Blight/Bacterial_leaf_Blight  (35).jpg,bacterial_leaf_blight
ml/datasets/raw/extracted/Original Images/Bacterial Leaf Blight/Bacterial_leaf_Blight  (171).jpg,bacterial_leaf_blight
ml/datasets/raw/extracted/Original Images/Bacterial Leaf Blight/Bacterial_leaf_Blight  (16).jpg,bacterial_leaf_blight
ml/datasets/raw/extracted/Original Images/Bacterial Leaf Blight/Bacterial_leaf_Blight  (150).jpg,bacterial_leaf_blight
ml/datasets/raw/extracted/Original Images/Bacterial Leaf Blight/Bacterial_leaf_Blight  (38).jpg,bacterial_leaf_blight
ml/datasets/raw/extracted/Original Images/Bacterial Leaf Blight/Bacterial_leaf_Blight  (40).jpg,bacterial_leaf_blight
ml/datasets/raw/extracted/Original Images/Bacterial Leaf Blight/Bacterial_leaf_Blight  (154).jpg,bacterial_leaf_blight
ml/datasets/raw/extracted/Original Images/Bacterial Leaf Blight/Bacterial_leaf_Blight  (73).jpg,bacterial_leaf_blight
ml/datasets/raw/extracted/Original Images/Bacterial Leaf Blight/Bacterial_leaf_Blight  (126).jpg,bacterial_leaf_blight
ml/datasets/raw/extracted/Original Images/Bacterial Leaf Blight/Bacterial_leaf_Blight  (43).jpg,bacterial_leaf_blight
ml/datasets/raw/extracted/Original Images/Bacterial Leaf Blight/Bacterial_leaf_Blight  (175).jpg,bacterial_leaf_blight
ml/datasets/raw/extracted/Original Images/Bacterial Leaf Blight/Bacterial_leaf_Blight  (95).jpg,bacterial_leaf_blight
ml/datasets/raw/extracted/Original Images/Bacterial Leaf Blight/Bacterial_leaf_Blight  (158).jpg,bacterial_leaf_blight
ml/datasets/raw/extracted/Original Images/Bacterial Leaf Blight/Bacterial_leaf_Blight  (28).jpg,bacterial_leaf_blight
ml/datasets/raw/extracted/Original Images/Bacterial Leaf Blight/Bacterial_leaf_Blight  (172).jpg,bacterial_leaf_blight
ml/datasets/raw/extracted/Original Images/Bacterial Leaf Blight/Bacterial_leaf_Blight  (135).jpg,bacterial_leaf_blight
ml/datasets/raw/extracted/Original Images/Bacterial Leaf Blight/Bacterial_leaf_Blight  (122).jpg,bacterial_leaf_blight
ml/datasets/raw/extracted/Original Images/Bacterial Leaf Blight/Bacterial_leaf_Blight  (177).jpg,bacterial_leaf_blight
ml/datasets/raw/extracted/Original Images/Bacterial Leaf Blight/Bacterial_leaf_Blight  (178).jpg,bacterial_leaf_blight
ml/datasets/raw/extracted/Original Images/Bacterial Leaf Blight/Bacterial_leaf_Blight  (24).jpg,bacterial_leaf_blight
ml/datasets/raw/extracted/Original Images/Bacterial Leaf Blight/Bacterial_leaf_Blight  (25).jpg,bacterial_leaf_blight
ml/datasets/raw/extracted/Original Images/Bacterial Leaf Blight/Bacterial_leaf_Blight  (164).jpg,bacterial_leaf_blight
ml/datasets/raw/extracted/Original Images/Brown Spot/Brown_spot  (214).jpg,brown_spot
ml/datasets/raw/extracted/Original Images/Brown Spot/Brown_spot  (57).jpg,brown_spot
ml/datasets/raw/extracted/Original Images/Brown Spot/Brown_spot  (243).jpg,brown_spot
ml/datasets/raw/extracted/Original Images/Brown Spot/Brown_spot  (245).jpg,brown_spot
ml/datasets/raw/extracted/Original Images/Brown Spot/Brown_spot  (263).jpg,brown_spot
ml/datasets/raw/extracted/Original Images/Brown Spot/Brown_spot  (237).jpg,brown_spot
ml/datasets/raw/extracted/Original Images/Brown Spot/Brown_spot  (212).jpg,brown_spot
ml/datasets/raw/extracted/Original Images/Brown Spot/Brown_spot  (162).jpg,brown_spot
ml/datasets/raw/extracted/Original Images/Brown Spot/Brown_spot  (185).jpg,brown_spot
ml/datasets/raw/extracted/Original Images/Brown Spot/Brown_spot  (224).jpg,brown_spot
ml/datasets/raw/extracted/Original Images/Brown Spot/Brown_spot  (158).jpg,brown_spot
ml/datasets/raw/extracted/Original Images/Brown Spot/Brown_spot  (142).jpg,brown_spot
ml/datasets/raw/extracted/Original Images/Brown Spot/Brown_spot  (69).jpg,brown_spot
ml/datasets/raw/extracted/Original Images/Brown Spot/Brown_spot  (98).jpg,brown_spot
ml/datasets/raw/extracted/Original Images/Brown Spot/Brown_spot  (215).jpg,brown_spot
ml/datasets/raw/extracted/Original Images/Brown Spot/Brown_spot  (135).jpg,brown_spot
ml/datasets/raw/extracted/Original Images/Brown Spot/Brown_spot  (139).jpg,brown_spot
ml/datasets/raw/extracted/Original Images/Brown Spot/Brown_spot  (140).jpg,brown_spot
ml/datasets/raw/extracted/Original Images/Brown Spot/Brown_spot  (71).jpg,brown_spot
ml/datasets/raw/extracted/Original Images/Brown Spot/Brown_spot  (72).jpg,brown_spot
ml/datasets/raw/extracted/Original Images/Brown Spot/Brown_spot  (73).jpg,brown_spot
ml/datasets/raw/extracted/Original Images/Brown Spot/Brown_spot  (266).jpg,brown_spot
ml/datasets/raw/extracted/Original Images/Brown Spot/Brown_spot  (74).jpg,brown_spot
ml/datasets/raw/extracted/Original Images/Brown Spot/Brown_spot  (183).jpg,brown_spot
ml/datasets/raw/extracted/Original Images/Brown Spot/Brown_spot  (159).jpg,brown_spot
ml/datasets/raw/extracted/Original Images/Brown Spot/Brown_spot  (70).jpg,brown_spot
ml/datasets/raw/extracted/Original Images/Brown Spot/Brown_spot  (17).jpg,brown_spot
ml/datasets/raw/extracted/Original Images/Brown Spot/Brown_spot  (115).jpg,brown_spot
ml/datasets/raw/extracted/Original Images/Brown Spot/Brown_spot  (147).jpg,brown_spot
ml/datasets/raw/extracted/Original Images/Brown Spot/Brown_spot  (207).jpg,brown_spot
ml/datasets/raw/extracted/Original Images/Brown Spot/Brown_spot  (143).jpg,brown_spot
ml/datasets/raw/extracted/Original Images/Brown Spot/Brown_spot  (161).jpg,brown_spot
ml/datasets/raw/extracted/Original Images/Brown Spot/Brown_spot  (125).jpg,brown_spot
ml/datasets/raw/extracted/Original Images/Brown Spot/Brown_spot  (126).jpg,brown_spot
ml/datasets/raw/extracted/Original Images/Brown Spot/Brown_spot  (127).jpg,brown_spot
ml/datasets/raw/extracted/Original Images/Brown Spot/Brown_spot  (154).jpg,brown_spot
ml/datasets/raw/extracted/Original Images/Brown Spot/Brown_spot  (8).jpg,brown_spot
ml/datasets/raw/extracted/Original Images/Brown Spot/Brown_spot  (9).jpg,brown_spot
ml/datasets/raw/extracted/Original Images/Brown Spot/Brown_spot  (241).jpg,brown_spot
ml/datasets/raw/extracted/Original Images/Brown Spot/Brown_spot  (221).jpg,brown_spot
ml/datasets/raw/extracted/Original Images/Brown Spot/Brown_spot  (225).jpg,brown_spot
ml/datasets/raw/extracted/Original Images/Brown Spot/Brown_spot  (141).jpg,brown_spot
ml/datasets/raw/extracted/Original Images/Brown Spot/Brown_spot  (67).jpg,brown_spot
ml/datasets/raw/extracted/Original Images/Brown Spot/Brown_spot  (68).jpg,brown_spot
ml/datasets/raw/extracted/Original Images/Brown Spot/Brown_spot  (198).jpg,brown_spot
ml/datasets/raw/extracted/Original Images/Brown Spot/Brown_spot  (222).jpg,brown_spot
ml/datasets/raw/extracted/Original Images/Brown Spot/Brown_spot  (108).jpg,brown_spot
ml/datasets/raw/extracted/Original Images/Brown Spot/Brown_spot  (109).jpg,brown_spot
ml/datasets/raw/extracted/Original Images/Brown Spot/Brown_spot  (110).jpg,brown_spot
ml/datasets/raw/extracted/Original Images/Brown Spot/Brown_spot  (111).jpg,brown_spot
ml/datasets/raw/extracted/Original Images/Brown Spot/Brown_spot  (112).jpg,brown_spot
ml/datasets/raw/extracted/Original Images/Brown Spot/Brown_spot  (113).jpg,brown_spot
ml/datasets/raw/extracted/Original Images/Brown Spot/Brown_spot  (114).jpg,brown_spot
ml/datasets/raw/extracted/Original Images/Brown Spot/Brown_spot  (12).jpg,brown_spot
ml/datasets/raw/extracted/Original Images/Brown Spot/Brown_spot  (13).jpg,brown_spot
ml/datasets/raw/extracted/Original Images/Brown Spot/Brown_spot  (34).jpg,brown_spot
ml/datasets/raw/extracted/Original Images/Brown Spot/Brown_spot  (35).jpg,brown_spot
ml/datasets/raw/extracted/Original Images/Brown Spot/Brown_spot  (116).jpg,brown_spot
ml/datasets/raw/extracted/Original Images/Brown Spot/Brown_spot  (117).jpg,brown_spot
ml/datasets/raw/extracted/Original Images/Brown Spot/Brown_spot  (170).jpg,brown_spot
ml/datasets/raw/extracted/Original Images/Brown Spot/Brown_spot  (217).jpg,brown_spot
ml/datasets/raw/extracted/Original Images/Brown Spot/Brown_spot  (211).jpg,brown_spot
ml/datasets/raw/extracted/Original Images/Brown Spot/Brown_spot  (152).jpg,brown_spot
ml/datasets/raw/extracted/Original Images/Brown Spot/Brown_spot  (146).jpg,brown_spot
ml/datasets/raw/extracted/Original Images/Brown Spot/Brown_spot  (43).jpg,brown_spot
ml/datasets/raw/extracted/Original Images/Brown Spot/Brown_spot  (44).jpg,brown_spot
ml/datasets/raw/extracted/Original Images/Brown Spot/Brown_spot  (45).jpg,brown_spot
ml/datasets/raw/extracted/Original Images/Brown Spot/Brown_spot  (46).jpg,brown_spot
ml/datasets/raw/extracted/Original Images/Brown Spot/Brown_spot  (47).jpg,brown_spot
ml/datasets/raw/extracted/Original Images/Brown Spot/Brown_spot  (48).jpg,brown_spot
ml/datasets/raw/extracted/Original Images/Brown Spot/Brown_spot  (218).jpg,brown_spot
ml/datasets/raw/extracted/Original Images/Brown Spot/Brown_spot  (190).jpg,brown_spot
ml/datasets/raw/extracted/Original Images/Brown Spot/Brown_spot  (80).jpg,brown_spot
ml/datasets/raw/extracted/Original Images/Brown Spot/Brown_spot  (81).jpg,brown_spot
ml/datasets/raw/extracted/Original Images/Brown Spot/Brown_spot  (82).jpg,brown_spot
ml/datasets/raw/extracted/Original Images/Brown Spot/Brown_spot  (83).jpg,brown_spot
ml/datasets/raw/extracted/Original Images/Brown Spot/Brown_spot  (84).jpg,brown_spot
ml/datasets/raw/extracted/Original Images/Brown Spot/Brown_spot  (85).jpg,brown_spot
ml/datasets/raw/extracted/Original Images/Brown Spot/Brown_spot  (167).jpg,brown_spot
ml/datasets/raw/extracted/Original Images/Brown Spot/Brown_spot  (14).jpg,brown_spot
ml/datasets/raw/extracted/Original Images/Brown Spot/Brown_spot  (1).jpg,brown_spot
ml/datasets/raw/extracted/Original Images/Brown Spot/Brown_spot  (187).jpg,brown_spot
ml/datasets/raw/extracted/Original Images/Brown Spot/Brown_spot  (2).jpg,brown_spot
ml/datasets/raw/extracted/Original Images/Brown Spot/Brown_spot  (100).jpg,brown_spot
ml/datasets/raw/extracted/Original Images/Brown Spot/Brown_spot  (101).jpg,brown_spot
ml/datasets/raw/extracted/Original Images/Brown Spot/Brown_spot  (102).jpg,brown_spot
ml/datasets/raw/extracted/Original Images/Brown Spot/Brown_spot  (103).jpg,brown_spot
ml/datasets/raw/extracted/Original Images/Brown Spot/Brown_spot  (99).jpg,brown_spot
ml/datasets/raw/extracted/Original Images/Brown Spot/Brown_spot  (203).jpg,brown_spot
ml/datasets/raw/extracted/Original Images/Brown Spot/Brown_spot  (260).jpg,brown_spot
ml/datasets/raw/extracted/Original Images/Brown Spot/Brown_spot  (230).jpg,brown_spot
ml/datasets/raw/extracted/Original Images/Brown Spot/Brown_spot  (231).jpg,brown_spot
ml/datasets/raw/extracted/Original Images/Brown Spot/Brown_spot  (232).jpg,brown_spot
ml/datasets/raw/extracted/Original Images/Brown Spot/Brown_spot  (11).jpg,brown_spot
ml/datasets/raw/extracted/Original Images/Brown Spot/Brown_spot  (104).jpg,brown_spot
ml/datasets/raw/extracted/Original Images/Brown Spot/Brown_spot  (105).jpg,brown_spot
ml/datasets/raw/extracted/Original Images/Brown Spot/Brown_spot  (106).jpg,brown_spot
ml/datasets/raw/extracted/Original Images/Brown Spot/Brown_spot  (107).jpg,brown_spot
ml/datasets/raw/extracted/Original Images/Brown Spot/Brown_spot  (174).jpg,brown_spot
ml/datasets/raw/extracted/Original Images/Brown Spot/Brown_spot  (226).jpg,brown_spot
ml/datasets/raw/extracted/Original Images/Brown Spot/Brown_spot  (18).jpg,brown_spot
ml/datasets/raw/extracted/Original Images/Brown Spot/Brown_spot  (15).jpg,brown_spot
ml/datasets/raw/extracted/Original Images/Brown Spot/Brown_spot  (186).jpg,brown_spot
ml/datasets/raw/extracted/Original Images/Brown Spot/Brown_spot  (240).jpg,brown_spot
ml/datasets/raw/extracted/Original Images/Brown Spot/Brown_spot  (22).jpg,brown_spot
ml/datasets/raw/extracted/Original Images/Brown Spot/Brown_spot  (23).jpg,brown_spot
ml/datasets/raw/extracted/Original Images/Brown Spot/Brown_spot  (202).jpg,brown_spot
ml/datasets/raw/extracted/Original Images/Brown Spot/Brown_spot  (239).jpg,brown_spot
ml/datasets/raw/extracted/Original Images/Brown Spot/Brown_spot  (16).jpg,brown_spot
ml/datasets/raw/extracted/Original Images/Brown Spot/Brown_spot  (249).jpg,brown_spot
ml/datasets/raw/extracted/Original Images/Brown Spot/Brown_spot  (213).jpg,brown_spot
ml/datasets/raw/extracted/Original Images/Brown Spot/Brown_spot  (151).jpg,brown_spot
ml/datasets/raw/extracted/Original Images/Brown Spot/Brown_spot  (136).jpg,brown_spot
ml/datasets/raw/extracted/Original Images/Brown Spot/Brown_spot  (137).jpg,brown_spot
ml/datasets/raw/extracted/Original Images/Brown Spot/Brown_spot  (54).jpg,brown_spot
ml/datasets/raw/extracted/Original Images/Brown Spot/Brown_spot  (56).jpg,brown_spot
ml/datasets/raw/extracted/Original Images/Brown Spot/Brown_spot  (209).jpg,brown_spot
ml/datasets/raw/extracted/Original Images/Brown Spot/Brown_spot  (58).jpg,brown_spot
ml/datasets/raw/extracted/Original Images/Brown Spot/Brown_spot  (59).jpg,brown_spot
ml/datasets/raw/extracted/Original Images/Brown Spot/Brown_spot  (60).jpg,brown_spot
ml/datasets/raw/extracted/Original Images/Brown Spot/Brown_spot  (62).jpg,brown_spot
ml/datasets/raw/extracted/Original Images/Brown Spot/Brown_spot  (219).jpg,brown_spot
ml/datasets/raw/extracted/Original Images/Brown Spot/Brown_spot  (267).jpg,brown_spot
ml/datasets/raw/extracted/Original Images/Brown Spot/Brown_spot  (129).jpg,brown_spot
ml/datasets/raw/extracted/Original Images/Brown Spot/Brown_spot  (132).jpg,brown_spot
ml/datasets/raw/extracted/Original Images/Brown Spot/Brown_spot  (259).jpg,brown_spot
ml/datasets/raw/extracted/Original Images/Brown Spot/Brown_spot  (197).jpg,brown_spot
ml/datasets/raw/extracted/Original Images/Brown Spot/Brown_spot  (265).jpg,brown_spot
ml/datasets/raw/extracted/Original Images/Brown Spot/Brown_spot  (86).jpg,brown_spot
ml/datasets/raw/extracted/Original Images/Brown Spot/Brown_spot  (87).jpg,brown_spot
ml/datasets/raw/extracted/Original Images/Brown Spot/Brown_spot  (88).jpg,brown_spot
ml/datasets/raw/extracted/Original Images/Brown Spot/Brown_spot  (89).jpg,brown_spot
ml/datasets/raw/extracted/Original Images/Brown Spot/Brown_spot  (90).jpg,brown_spot
ml/datasets/raw/extracted/Original Images/Brown Spot/Brown_spot  (91).jpg,brown_spot
ml/datasets/raw/extracted/Original Images/Brown Spot/Brown_spot  (92).jpg,brown_spot
ml/datasets/raw/extracted/Original Images/Brown Spot/Brown_spot  (93).jpg,brown_spot
ml/datasets/raw/extracted/Original Images/Brown Spot/Brown_spot  (204).jpg,brown_spot
ml/datasets/raw/extracted/Original Images/Brown Spot/Brown_spot  (75).jpg,brown_spot
ml/datasets/raw/extracted/Original Images/Brown Spot/Brown_spot  (76).jpg,brown_spot
ml/datasets/raw/extracted/Original Images/Brown Spot/Brown_spot  (77).jpg,brown_spot
ml/datasets/raw/extracted/Original Images/Brown Spot/Brown_spot  (78).jpg,brown_spot
ml/datasets/raw/extracted/Original Images/Brown Spot/Brown_spot  (79).jpg,brown_spot
ml/datasets/raw/extracted/Original Images/Brown Spot/Brown_spot  (196).jpg,brown_spot
ml/datasets/raw/extracted/Original Images/Brown Spot/Brown_spot  (178).jpg,brown_spot
ml/datasets/raw/extracted/Original Images/Brown Spot/Brown_spot  (179).jpg,brown_spot
ml/datasets/raw/extracted/Original Images/Brown Spot/Brown_spot  (180).jpg,brown_spot
ml/datasets/raw/extracted/Original Images/Brown Spot/Brown_spot  (94).jpg,brown_spot
ml/datasets/raw/extracted/Original Images/Brown Spot/Brown_spot  (95).jpg,brown_spot
ml/datasets/raw/extracted/Original Images/Brown Spot/Brown_spot  (96).jpg,brown_spot
ml/datasets/raw/extracted/Original Images/Brown Spot/Brown_spot  (97).jpg,brown_spot
ml/datasets/raw/extracted/Original Images/Brown Spot/Brown_spot  (261).jpg,brown_spot
ml/datasets/raw/extracted/Original Images/Brown Spot/Brown_spot  (153).jpg,brown_spot
ml/datasets/raw/extracted/Original Images/Brown Spot/Brown_spot  (40).jpg,brown_spot
ml/datasets/raw/extracted/Original Images/Brown Spot/Brown_spot  (41).jpg,brown_spot
ml/datasets/raw/extracted/Original Images/Brown Spot/Brown_spot  (42).jpg,brown_spot
ml/datasets/raw/extracted/Original Images/Brown Spot/Brown_spot  (149).jpg,brown_spot
ml/datasets/raw/extracted/Original Images/Brown Spot/Brown_spot  (118).jpg,brown_spot
ml/datasets/raw/extracted/Original Images/Brown Spot/Brown_spot  (119).jpg,brown_spot
ml/datasets/raw/extracted/Original Images/Brown Spot/Brown_spot  (120).jpg,brown_spot
ml/datasets/raw/extracted/Original Images/Brown Spot/Brown_spot  (121).jpg,brown_spot
ml/datasets/raw/extracted/Original Images/Brown Spot/Brown_spot  (122).jpg,brown_spot
ml/datasets/raw/extracted/Original Images/Brown Spot/Brown_spot  (160).jpg,brown_spot
ml/datasets/raw/extracted/Original Images/Brown Spot/Brown_spot  (24).jpg,brown_spot
ml/datasets/raw/extracted/Original Images/Brown Spot/Brown_spot  (25).jpg,brown_spot
ml/datasets/raw/extracted/Original Images/Brown Spot/Brown_spot  (26).jpg,brown_spot
ml/datasets/raw/extracted/Original Images/Brown Spot/Brown_spot  (242).jpg,brown_spot
ml/datasets/raw/extracted/Original Images/Brown Spot/Brown_spot  (19).jpg,brown_spot
ml/datasets/raw/extracted/Original Images/Brown Spot/Brown_spot  (145).jpg,brown_spot
ml/datasets/raw/extracted/Original Images/Brown Spot/Brown_spot  (195).jpg,brown_spot
ml/datasets/raw/extracted/Original Images/Brown Spot/Brown_spot  (228).jpg,brown_spot
ml/datasets/raw/extracted/Original Images/Brown Spot/Brown_spot  (5).jpg,brown_spot
ml/datasets/raw/extracted/Original Images/Brown Spot/Brown_spot  (6).jpg,brown_spot
ml/datasets/raw/extracted/Original Images/Brown Spot/Brown_spot  (7).jpg,brown_spot
ml/datasets/raw/extracted/Original Images/Brown Spot/Brown_spot  (256).jpg,brown_spot
ml/datasets/raw/extracted/Original Images/Brown Spot/Brown_spot  (205).jpg,brown_spot
ml/datasets/raw/extracted/Original Images/Brown Spot/Brown_spot  (233).jpg,brown_spot
ml/datasets/raw/extracted/Original Images/Brown Spot/Brown_spot  (10).jpg,brown_spot
ml/datasets/raw/extracted/Original Images/Brown Spot/Brown_spot  (123).jpg,brown_spot
ml/datasets/raw/extracted/Original Images/Brown Spot/Brown_spot  (220).jpg,brown_spot
ml/datasets/raw/extracted/Original Images/Brown Spot/Brown_spot  (246).jpg,brown_spot
ml/datasets/raw/extracted/Original Images/Brown Spot/Brown_spot  (181).jpg,brown_spot
ml/datasets/raw/extracted/Original Images/Brown Spot/Brown_spot  (182).jpg,brown_spot
ml/datasets/raw/extracted/Original Images/Healthy Rice Leaf/Healthy_rice_leaf  (115).jpg,healthy
ml/datasets/raw/extracted/Original Images/Healthy Rice Leaf/Healthy_rice_leaf  (134).jpg,healthy
ml/datasets/raw/extracted/Original Images/Healthy Rice Leaf/Healthy_rice_leaf  (90).jpg,healthy
ml/datasets/raw/extracted/Original Images/Healthy Rice Leaf/Healthy_rice_leaf  (58).jpg,healthy
ml/datasets/raw/extracted/Original Images/Healthy Rice Leaf/Healthy_rice_leaf  (85).jpg,healthy
ml/datasets/raw/extracted/Original Images/Healthy Rice Leaf/Healthy_rice_leaf  (49).jpg,healthy
ml/datasets/raw/extracted/Original Images/Healthy Rice Leaf/Healthy_rice_leaf  (123).jpg,healthy
ml/datasets/raw/extracted/Original Images/Healthy Rice Leaf/Healthy_rice_leaf  (20).jpg,healthy
ml/datasets/raw/extracted/Original Images/Healthy Rice Leaf/Healthy_rice_leaf  (143).jpg,healthy
ml/datasets/raw/extracted/Original Images/Healthy Rice Leaf/Healthy_rice_leaf  (63).jpg,healthy
ml/datasets/raw/extracted/Original Images/Healthy Rice Leaf/Healthy_rice_leaf  (96).jpg,healthy
ml/datasets/raw/extracted/Original Images/Healthy Rice Leaf/Healthy_rice_leaf  (60).jpg,healthy
ml/datasets/raw/extracted/Original Images/Healthy Rice Leaf/Healthy_rice_leaf  (147).jpg,healthy
ml/datasets/raw/extracted/Original Images/Healthy Rice Leaf/Healthy_rice_leaf  (45).jpg,healthy
ml/datasets/raw/extracted/Original Images/Healthy Rice Leaf/Healthy_rice_leaf  (10).jpg,healthy
ml/datasets/raw/extracted/Original Images/Healthy Rice Leaf/Healthy_rice_leaf  (8).jpg,healthy
ml/datasets/raw/extracted/Original Images/Healthy Rice Leaf/Healthy_rice_leaf  (107).jpg,healthy
ml/datasets/raw/extracted/Original Images/Healthy Rice Leaf/Healthy_rice_leaf  (100).jpg,healthy
ml/datasets/raw/extracted/Original Images/Healthy Rice Leaf/Healthy_rice_leaf  (36).jpg,healthy
ml/datasets/raw/extracted/Original Images/Healthy Rice Leaf/Healthy_rice_leaf  (113).jpg,healthy
ml/datasets/raw/extracted/Original Images/Healthy Rice Leaf/Healthy_rice_leaf  (114).jpg,healthy
ml/datasets/raw/extracted/Original Images/Healthy Rice Leaf/Healthy_rice_leaf  (104).jpg,healthy
ml/datasets/raw/extracted/Original Images/Healthy Rice Leaf/Healthy_rice_leaf  (121).jpg,healthy
ml/datasets/raw/extracted/Original Images/Healthy Rice Leaf/Healthy_rice_leaf  (145).jpg,healthy
ml/datasets/raw/extracted/Original Images/Healthy Rice Leaf/Healthy_rice_leaf  (133).jpg,healthy
ml/datasets/raw/extracted/Original Images/Healthy Rice Leaf/Healthy_rice_leaf  (46).jpg,healthy
ml/datasets/raw/extracted/Original Images/Healthy Rice Leaf/Healthy_rice_leaf  (108).jpg,healthy
ml/datasets/raw/extracted/Original Images/Healthy Rice Leaf/Healthy_rice_leaf  (64).jpg,healthy
ml/datasets/raw/extracted/Original Images/Healthy Rice Leaf/Healthy_rice_leaf  (137).jpg,healthy
ml/datasets/raw/extracted/Original Images/Healthy Rice Leaf/Healthy_rice_leaf  (54).jpg,healthy
ml/datasets/raw/extracted/Original Images/Healthy Rice Leaf/Healthy_rice_leaf  (14).jpg,healthy
ml/datasets/raw/extracted/Original Images/Healthy Rice Leaf/Healthy_rice_leaf  (13).jpg,healthy
ml/datasets/raw/extracted/Original Images/Healthy Rice Leaf/Healthy_rice_leaf  (52).jpg,healthy
ml/datasets/raw/extracted/Original Images/Healthy Rice Leaf/Healthy_rice_leaf  (99).jpg,healthy
ml/datasets/raw/extracted/Original Images/Healthy Rice Leaf/Healthy_rice_leaf  (140).jpg,healthy
ml/datasets/raw/extracted/Original Images/Healthy Rice Leaf/Healthy_rice_leaf  (33).jpg,healthy
ml/datasets/raw/extracted/Original Images/Healthy Rice Leaf/Healthy_rice_leaf  (34).jpg,healthy
ml/datasets/raw/extracted/Original Images/Healthy Rice Leaf/Healthy_rice_leaf  (149).jpg,healthy
ml/datasets/raw/extracted/Original Images/Healthy Rice Leaf/Healthy_rice_leaf  (153).jpg,healthy
ml/datasets/raw/extracted/Original Images/Healthy Rice Leaf/Healthy_rice_leaf  (22).jpg,healthy
ml/datasets/raw/extracted/Original Images/Healthy Rice Leaf/Healthy_rice_leaf  (139).jpg,healthy
ml/datasets/raw/extracted/Original Images/Healthy Rice Leaf/Healthy_rice_leaf  (156).jpg,healthy
ml/datasets/raw/extracted/Original Images/Healthy Rice Leaf/Healthy_rice_leaf  (26).jpg,healthy
ml/datasets/raw/extracted/Original Images/Healthy Rice Leaf/Healthy_rice_leaf  (109).jpg,healthy
ml/datasets/raw/extracted/Original Images/Healthy Rice Leaf/Healthy_rice_leaf  (110).jpg,healthy
ml/datasets/raw/extracted/Original Images/Healthy Rice Leaf/Healthy_rice_leaf  (57).jpg,healthy
ml/datasets/raw/extracted/Original Images/Healthy Rice Leaf/Healthy_rice_leaf  (157).jpg,healthy
ml/datasets/raw/extracted/Original Images/Healthy Rice Leaf/Healthy_rice_leaf  (82).jpg,healthy
ml/datasets/raw/extracted/Original Images/Healthy Rice Leaf/Healthy_rice_leaf  (155).jpg,healthy
ml/datasets/raw/extracted/Original Images/Healthy Rice Leaf/Healthy_rice_leaf  (11).jpg,healthy
ml/datasets/raw/extracted/Original Images/Healthy Rice Leaf/Healthy_rice_leaf  (12).jpg,healthy
ml/datasets/raw/extracted/Original Images/Healthy Rice Leaf/Healthy_rice_leaf  (28).jpg,healthy
ml/datasets/raw/extracted/Original Images/Healthy Rice Leaf/Healthy_rice_leaf  (68).jpg,healthy
ml/datasets/raw/extracted/Original Images/Healthy Rice Leaf/Healthy_rice_leaf  (116).jpg,healthy
ml/datasets/raw/extracted/Original Images/Healthy Rice Leaf/Healthy_rice_leaf  (120).jpg,healthy
ml/datasets/raw/extracted/Original Images/Healthy Rice Leaf/Healthy_rice_leaf  (129).jpg,healthy
ml/datasets/raw/extracted/Original Images/Healthy Rice Leaf/Healthy_rice_leaf  (87).jpg,healthy
ml/datasets/raw/extracted/Original Images/Healthy Rice Leaf/Healthy_rice_leaf  (30).jpg,healthy
ml/datasets/raw/extracted/Original Images/Healthy Rice Leaf/Healthy_rice_leaf  (25).jpg,healthy
ml/datasets/raw/extracted/Original Images/Healthy Rice Leaf/Healthy_rice_leaf  (48).jpg,healthy
ml/datasets/raw/extracted/Original Images/Healthy Rice Leaf/Healthy_rice_leaf  (127).jpg,healthy
ml/datasets/raw/extracted/Original Images/Healthy Rice Leaf/Healthy_rice_leaf  (128).jpg,healthy
ml/datasets/raw/extracted/Original Images/Healthy Rice Leaf/Healthy_rice_leaf  (95).jpg,healthy
ml/datasets/raw/extracted/Original Images/Healthy Rice Leaf/Healthy_rice_leaf  (2).jpg,healthy
ml/datasets/raw/extracted/Original Images/Healthy Rice Leaf/Healthy_rice_leaf  (40).jpg,healthy
ml/datasets/raw/extracted/Original Images/Healthy Rice Leaf/Healthy_rice_leaf  (117).jpg,healthy
ml/datasets/raw/extracted/Original Images/Healthy Rice Leaf/Healthy_rice_leaf  (118).jpg,healthy
ml/datasets/raw/extracted/Original Images/Healthy Rice Leaf/Healthy_rice_leaf  (125).jpg,healthy
ml/datasets/raw/extracted/Original Images/Healthy Rice Leaf/Healthy_rice_leaf  (130).jpg,healthy
ml/datasets/raw/extracted/Original Images/Healthy Rice Leaf/Healthy_rice_leaf  (15).jpg,healthy
ml/datasets/raw/extracted/Original Images/Healthy Rice Leaf/Healthy_rice_leaf  (16).jpg,healthy
ml/datasets/raw/extracted/Original Images/Healthy Rice Leaf/Healthy_rice_leaf  (55).jpg,healthy
ml/datasets/raw/extracted/Original Images/Healthy Rice Leaf/Healthy_rice_leaf  (56).jpg,healthy
ml/datasets/raw/extracted/Original Images/Healthy Rice Leaf/Healthy_rice_leaf  (32).jpg,healthy
ml/datasets/raw/extracted/Original Images/Healthy Rice Leaf/Healthy_rice_leaf  (105).jpg,healthy
ml/datasets/raw/extracted/Original Images/Healthy Rice Leaf/Healthy_rice_leaf  (17).jpg,healthy
ml/datasets/raw/extracted/Original Images/Healthy Rice Leaf/Healthy_rice_leaf  (27).jpg,healthy
ml/datasets/raw/extracted/Original Images/Healthy Rice Leaf/Healthy_rice_leaf  (119).jpg,healthy
ml/datasets/raw/extracted/Original Images/Healthy Rice Leaf/Healthy_rice_leaf  (89).jpg,healthy
ml/datasets/raw/extracted/Original Images/Healthy Rice Leaf/Healthy_rice_leaf  (61).jpg,healthy
ml/datasets/raw/extracted/Original Images/Healthy Rice Leaf/Healthy_rice_leaf  (7).jpg,healthy
ml/datasets/raw/extracted/Original Images/Healthy Rice Leaf/Healthy_rice_leaf  (35).jpg,healthy
ml/datasets/raw/extracted/Original Images/Healthy Rice Leaf/Healthy_rice_leaf  (148).jpg,healthy
ml/datasets/raw/extracted/Original Images/Healthy Rice Leaf/Healthy_rice_leaf  (93).jpg,healthy
ml/datasets/raw/extracted/Original Images/Healthy Rice Leaf/Healthy_rice_leaf  (62).jpg,healthy
ml/datasets/raw/extracted/Original Images/Healthy Rice Leaf/Healthy_rice_leaf  (3).jpg,healthy
ml/datasets/raw/extracted/Original Images/Healthy Rice Leaf/Healthy_rice_leaf  (1).jpg,healthy
ml/datasets/raw/extracted/Original Images/Healthy Rice Leaf/Healthy_rice_leaf  (47).jpg,healthy
ml/datasets/raw/extracted/Original Images/Healthy Rice Leaf/Healthy_rice_leaf  (103).jpg,healthy
ml/datasets/raw/extracted/Original Images/Healthy Rice Leaf/Healthy_rice_leaf  (135).jpg,healthy
ml/datasets/raw/extracted/Original Images/Healthy Rice Leaf/Healthy_rice_leaf  (78).jpg,healthy
ml/datasets/raw/extracted/Original Images/Healthy Rice Leaf/Healthy_rice_leaf  (79).jpg,healthy
ml/datasets/raw/extracted/Original Images/Healthy Rice Leaf/Healthy_rice_leaf  (80).jpg,healthy
ml/datasets/raw/extracted/Original Images/Healthy Rice Leaf/Healthy_rice_leaf  (81).jpg,healthy
ml/datasets/raw/extracted/Original Images/Healthy Rice Leaf/Healthy_rice_leaf  (37).jpg,healthy
ml/datasets/raw/extracted/Original Images/Healthy Rice Leaf/Healthy_rice_leaf  (152).jpg,healthy
ml/datasets/raw/extracted/Original Images/Healthy Rice Leaf/Healthy_rice_leaf  (6).jpg,healthy
ml/datasets/raw/extracted/Original Images/Healthy Rice Leaf/Healthy_rice_leaf  (65).jpg,healthy
ml/datasets/raw/extracted/Original Images/Healthy Rice Leaf/Healthy_rice_leaf  (43).jpg,healthy
ml/datasets/raw/extracted/Original Images/Healthy Rice Leaf/Healthy_rice_leaf  (50).jpg,healthy
ml/datasets/raw/extracted/Original Images/Healthy Rice Leaf/Healthy_rice_leaf  (142).jpg,healthy
ml/datasets/raw/extracted/Original Images/Healthy Rice Leaf/Healthy_rice_leaf  (67).jpg,healthy
ml/datasets/raw/extracted/Original Images/Healthy Rice Leaf/Healthy_rice_leaf  (18).jpg,healthy
ml/datasets/raw/extracted/Original Images/Healthy Rice Leaf/Healthy_rice_leaf  (19).jpg,healthy
ml/datasets/raw/extracted/Original Images/Healthy Rice Leaf/Healthy_rice_leaf  (44).jpg,healthy
ml/datasets/raw/extracted/Original Images/Healthy Rice Leaf/Healthy_rice_leaf  (75).jpg,healthy
ml/datasets/raw/extracted/Original Images/Healthy Rice Leaf/Healthy_rice_leaf  (76).jpg,healthy
ml/datasets/raw/extracted/Original Images/Healthy Rice Leaf/Healthy_rice_leaf  (77).jpg,healthy
